iter	Accuracy	Logloss
0	0.7317484663	0.686097664411	0.772392638	0.6787761794
2	0.7523006135	0.6731664771
3	0.7579754601	0.6653681354
4	0.7650306748	0.6586510799
5	0.7748466258	0.6508995946	6	0.777607362	0.6451462637	7	0.7791411043	0.6383290268	8	0.7785276074	0.6338729359	9	0.7782208589	0.6283752841010	0.7785276074	0.6238359191111	0.7831288344	0.6180967911212	0.7834355828	0.6135890541313	0.786196319	0.6089886314114	0.7863496933	0.6054724715115	0.7872699387	0.6012541316116	0.786809816	0.5962541351717	0.786196319	0.5919215772118	0.786196319	0.5873623102
19	0.7845092025	0.5839780015
20	0.7871165644	0.5799496834
21	0.7901840491	0.5764123243
22	0.7904907975	0.5725793483
23	0.7898773006	0.5688520572
24	0.7891104294	0.5653638436
25	0.7909509202	0.5624716695
26	0.7912576687	0.558611893
27	0.7929447853	0.55566961
28	0.793404908	0.5530581511
29	0.7935582822	0.5501577303
30	0.7926380368	0.5471500067
31	0.7923312883	0.5443627906
32	0.792791411	0.5416830629
33	0.7932515337	0.5393372544
34	0.793404908	0.5370125462
35	0.7941717791	0.534587384
36	0.7937116564	0.5319590646
37	0.7938650307	0.5296815415
38	0.7944785276	0.5273490859
39	0.7947852761	0.5253294915
40	0.7958588957	0.5233340208
41	0.7961656442	0.5208064678
42	0.7969325153	0.5187789575
43	0.7963190184	0.5169871379
44	0.797392638	0.5151710808
45	0.7978527607	0.5127792042
46	0.7983128834	0.5107285531
47	0.7992331288	0.5088507734
48	0.7987730061	0.5068214777
49	0.7975460123	0.5051278316
50	0.7990797546	0.5030527568
51	0.8	0.5012844178
52	0.7975460123	0.4995674123
53	0.7976993865	0.4976265233
54	0.7990797546	0.4956269768
55	0.798006135	0.4939356174
56	0.7993865031	0.4917578151
57	0.7984662577	0.4903717109
58	0.7981595092	0.4889977035
59	0.7967791411	0.4876011658
60	0.7966257669	0.4860105013
61	0.7981595092	0.4842742389
62	0.7961656442	0.4827820712
63	0.7963190184	0.4814754013
64	0.7966257669	0.4803109632
65	0.7963190184	0.4787909414
66	0.7963190184	0.4775721309
67	0.7961656442	0.476644681
68	0.7960122699	0.4758541343
69	0.7966257669	0.4742382351
70	0.7963190184	0.4732826227
71	0.7967791411	0.4719533375
72	0.7967791411	0.4706926645
73	0.7975460123	0.4693224754
74	0.797392638	0.4682412846
75	0.7978527607	0.4666132488
76	0.7981595092	0.4658695977
77	0.7984662577	0.4645952272
78	0.7987730061	0.4638493645
79	0.7990797546	0.462916877
80	0.7984662577	0.4620435447
81	0.7989263804	0.4608068472
82	0.7993865031	0.4600814505
83	0.8004601227	0.4591115711
84	0.8004601227	0.4581783283
85	0.8004601227	0.4570490153
86	0.8004601227	0.4560383182
87	0.8004601227	0.4549345586
88	0.8	0.4543003787
89	0.8004601227	0.453305164
90	0.8010736196	0.452512379
91	0.8009202454	0.4515514673
92	0.8016871166	0.4508801114
93	0.8018404908	0.4500797537
94	0.8029141104	0.4492089082
95	0.8027607362	0.448467171
96	0.8024539877	0.4478397662
97	0.802607362	0.4471598548
98	0.8036809816	0.4464414436
99	0.8032208589	0.4454984079
100	0.8033742331	0.4447366987
101	0.8038343558	0.4437281677
102	0.8039877301	0.4430133994
103	0.8044478528	0.4424623932
104	0.8042944785	0.4415350828
105	0.8047546012	0.440779515
106	0.8050613497	0.440212425
107	0.804601227	0.4398653042
108	0.804601227	0.4391763337
109	0.8052147239	0.4386859832
110	0.8055214724	0.4378120356
111	0.806595092	0.4369691541
112	0.8070552147	0.436313471
113	0.8070552147	0.4357016266
114	0.806595092	0.4351316733
115	0.806595092	0.4343621661
116	0.8078220859	0.4334078592
117	0.8078220859	0.4328925835
118	0.8076687117	0.4323679279
119	0.8075153374	0.431613791
120	0.8078220859	0.43119761
121	0.8084355828	0.4307092853
122	0.8085889571	0.430097283
123	0.8087423313	0.429583362
124	0.8081288344	0.4289887988
125	0.809202454	0.4284553174
126	0.8090490798	0.4278778716
127	0.8090490798	0.4273712528
128	0.8090490798	0.4268633571
129	0.8101226994	0.4261875216
130	0.8105828221	0.425789654
131	0.8105828221	0.4251963645
132	0.8107361963	0.4247376774
133	0.8105828221	0.424266701
134	0.811196319	0.4237902417
135	0.8124233129	0.4232014848
136	0.8128834356	0.4226561312
137	0.8128834356	0.4221332585
138	0.8130368098	0.421513392
139	0.8130368098	0.421096661
140	0.8134969325	0.420639034
141	0.813803681	0.4201865226
142	0.813803681	0.4195946762
143	0.8141104294	0.4190439155
144	0.8141104294	0.4187037494
145	0.8144171779	0.4182876002
146	0.8145705521	0.4178604758
147	0.8142638037	0.4175960615
148	0.8144171779	0.417142879
149	0.8148773006	0.4167082307
150	0.8150306748	0.4163473294
151	0.8153374233	0.4158746209
152	0.8154907975	0.4156080058
153	0.8156441718	0.4153290213
154	0.8151840491	0.4149822578
155	0.8156441718	0.4146125601
156	0.8156441718	0.4142409041
157	0.8153374233	0.4139697838
158	0.8151840491	0.4135339182
159	0.815797546	0.4130770516
160	0.815797546	0.4127072805
161	0.8159509202	0.4123602817
162	0.815797546	0.4119624444
163	0.8154907975	0.4115912017
164	0.8154907975	0.4112820734
165	0.8161042945	0.4109650287
166	0.8161042945	0.4105581749
167	0.8164110429	0.4102576912
168	0.8161042945	0.4099015156
169	0.8161042945	0.4095542556
170	0.8161042945	0.409173688
171	0.8161042945	0.4089038751
172	0.8162576687	0.408536209
173	0.8162576687	0.4082254067
174	0.8164110429	0.4079960685
175	0.8161042945	0.4077353143
176	0.8164110429	0.4073072377
177	0.8165644172	0.4069512978
178	0.8168711656	0.4065595583
179	0.8171779141	0.4061601314
180	0.8165644172	0.4059176514
181	0.8168711656	0.4054599413
182	0.8168711656	0.4052939763
183	0.8167177914	0.4050740506
184	0.8168711656	0.4047985651
185	0.8168711656	0.4044738963
186	0.8167177914	0.4042421639
187	0.8176380368	0.4039007361
188	0.8168711656	0.4035851864
189	0.8167177914	0.4033164532
190	0.8167177914	0.403038963
191	0.8167177914	0.4027771044
192	0.8170245399	0.4024746104
193	0.8171779141	0.4022253923
194	0.8171779141	0.4019027163
195	0.8173312883	0.4017673314
196	0.8173312883	0.4014616934
197	0.8171779141	0.4012095262
198	0.8171779141	0.4009702373
199	0.8176380368	0.4007554077
200	0.8171779141	0.4002793079
201	0.8173312883	0.3999923355
202	0.8176380368	0.3997170566
203	0.817791411	0.3995153723
204	0.817791411	0.3992874546
205	0.8179447853	0.3989797394
206	0.8180981595	0.3987915359
207	0.817791411	0.3985347021
208	0.8182515337	0.3983204429
209	0.8179447853	0.3979702237
210	0.817791411	0.397708425
211	0.817791411	0.3974952766
212	0.8180981595	0.39712328
213	0.8176380368	0.396656259
214	0.8179447853	0.396368113
215	0.818404908	0.3961160342
216	0.8187116564	0.3958558691
217	0.8193251534	0.3956142116
218	0.8188650307	0.3954538367
219	0.8191717791	0.3952769077
220	0.8191717791	0.3950461363
221	0.8191717791	0.3948140386
222	0.8194785276	0.3945392653
223	0.8199386503	0.3942698264
224	0.8199386503	0.3939101647
225	0.8196319018	0.3937221139
226	0.8199386503	0.3935922484
227	0.8199386503	0.3933019088
228	0.8199386503	0.3931039938
229	0.8197852761	0.3927632272
230	0.8199386503	0.3926442033
231	0.8194785276	0.3924169203
232	0.8196319018	0.3922990565
233	0.8196319018	0.3921796486
234	0.8196319018	0.3918515619
235	0.8196319018	0.3916872358
236	0.8194785276	0.3914887036
237	0.8194785276	0.3913347663
238	0.8196319018	0.3911215772
239	0.8200920245	0.3908572219
240	0.8197852761	0.3906877797
241	0.8196319018	0.3905094873
242	0.8196319018	0.3902980704
243	0.8193251534	0.3901840786
244	0.8193251534	0.3899837936
245	0.8191717791	0.3896706146
246	0.8194785276	0.3894193907
247	0.8194785276	0.3892334433
248	0.8196319018	0.3890236021
249	0.8197852761	0.3887067781
250	0.8199386503	0.388342282
251	0.8199386503	0.3882047306
252	0.8197852761	0.3880683852
253	0.8200920245	0.3878564985
254	0.8202453988	0.3877598516
255	0.8205521472	0.3875876997
256	0.8207055215	0.3871734051
257	0.8208588957	0.3869809093
258	0.8210122699	0.3868465184
259	0.8210122699	0.3867076396
260	0.8210122699	0.3865689292
261	0.8211656442	0.3864014752
262	0.8214723926	0.3861726623
263	0.8214723926	0.3859338633
264	0.8214723926	0.385696893
265	0.8216257669	0.3855418945
266	0.822392638	0.3853869771
267	0.8225460123	0.3852401042
268	0.822392638	0.3850402894
269	0.822392638	0.3848936766
270	0.8222392638	0.384668379
271	0.8222392638	0.3845517165
272	0.822392638	0.3843930702
273	0.822392638	0.3841911744
274	0.8222392638	0.3837598806
275	0.8225460123	0.3834611957
276	0.8228527607	0.3832292315
277	0.8231595092	0.383054497
278	0.8233128834	0.3828714883
279	0.8231595092	0.3826923861
280	0.8233128834	0.3825464671
281	0.8233128834	0.3823187793
282	0.8231595092	0.3821741508
283	0.8240797546	0.3820152102
284	0.8242331288	0.3819022592
285	0.8239263804	0.3816509049
286	0.8237730061	0.3814200694
287	0.8239263804	0.381160748
288	0.8240797546	0.3808861664
289	0.8242331288	0.3806587618
290	0.8243865031	0.3804942332
291	0.8239263804	0.3803915263
292	0.8242331288	0.3802612818
293	0.8242331288	0.3801476936
294	0.8242331288	0.3800401126
295	0.8243865031	0.3799048868
296	0.8243865031	0.3797232525
297	0.8246932515	0.3796235346
298	0.8251533742	0.3792603523
299	0.8253067485	0.3790333252
300	0.8254601227	0.378847815
301	0.8259202454	0.3786170478
302	0.8259202454	0.3784196039
303	0.8257668712	0.3782894426
304	0.8259202454	0.3782174271
305	0.8257668712	0.3781016276
306	0.8254601227	0.3779697458
307	0.8257668712	0.3777737068
308	0.8257668712	0.3775596786
309	0.8260736196	0.377390631
310	0.8259202454	0.3772542213
311	0.8259202454	0.3771446095
312	0.8256134969	0.3770491257
313	0.8257668712	0.3769555502
314	0.8257668712	0.3768524485
315	0.8253067485	0.3767142911
316	0.8257668712	0.376446299
317	0.8260736196	0.3763166907
318	0.8259202454	0.3762067263
319	0.8260736196	0.3761252709
320	0.8260736196	0.375880733
321	0.8265337423	0.3756971343
322	0.8268404908	0.3755069611
323	0.8266871166	0.3753916776
324	0.8266871166	0.3752998346
325	0.8262269939	0.3751447928
326	0.8262269939	0.3750163923
327	0.8265337423	0.3747889992
328	0.8263803681	0.3746984588
329	0.8265337423	0.3745870653
330	0.8268404908	0.3744409724
331	0.826993865	0.3741838106
332	0.8268404908	0.3740197887
333	0.8273006135	0.3738963107
334	0.8268404908	0.3737303637
335	0.8266871166	0.3736332045
336	0.8266871166	0.3734843704
337	0.8266871166	0.3733432216
338	0.8273006135	0.3731948572
339	0.8268404908	0.3730395314
340	0.826993865	0.3729314064
341	0.8273006135	0.3728510116
342	0.826993865	0.3726889596
343	0.8274539877	0.3725557566
344	0.827607362	0.3724455954
345	0.8279141104	0.3722773498
346	0.8280674847	0.372140452
347	0.827607362	0.3719920833
348	0.8280674847	0.3718393473
349	0.8279141104	0.3717088207
350	0.8279141104	0.3715801349
351	0.8279141104	0.3714096365
352	0.8277607362	0.3712946305
353	0.8277607362	0.371151396
354	0.8280674847	0.3709897704
355	0.8280674847	0.3709275934
356	0.8280674847	0.3708192448
357	0.8279141104	0.370720384
358	0.8277607362	0.3706203321
359	0.8279141104	0.3705272799
360	0.8277607362	0.3704462673
361	0.8277607362	0.3702131434
362	0.8280674847	0.3701354006
363	0.8279141104	0.3700094768
364	0.8282208589	0.3698712259
365	0.8280674847	0.3697318807
366	0.8282208589	0.369642218
367	0.8283742331	0.3694473705
368	0.8282208589	0.3692474767
369	0.8288343558	0.3690590425
370	0.8288343558	0.3689716408
371	0.8292944785	0.3687474302
372	0.8292944785	0.3686091651
373	0.829601227	0.3684697538
374	0.8292944785	0.3684033903
375	0.8299079755	0.3682542831
376	0.8299079755	0.3681676425
377	0.829601227	0.3680960396
378	0.829601227	0.3679323334
379	0.8297546012	0.3677676441
380	0.8300613497	0.367536746
381	0.8297546012	0.3673899972
382	0.8297546012	0.3673085378
383	0.8299079755	0.3672025619
384	0.8299079755	0.3671273865
385	0.8300613497	0.3669713405
386	0.8300613497	0.3668913708
387	0.8300613497	0.3668015362
388	0.8300613497	0.3667244236
389	0.8303680982	0.36654456
390	0.8305214724	0.3664081132
391	0.8300613497	0.3662047282
392	0.8302147239	0.3661138587
393	0.8302147239	0.3660580628
394	0.8303680982	0.3659213159
395	0.8305214724	0.3657822949
396	0.8305214724	0.3656689855
397	0.8303680982	0.3655592225
398	0.8303680982	0.3654527376
399	0.8303680982	0.3653474388
400	0.8302147239	0.3651986536
401	0.8305214724	0.365104714
402	0.8308282209	0.3649835475
403	0.8312883436	0.3648510481
404	0.8312883436	0.3646629034
405	0.8312883436	0.3646014782
406	0.8314417178	0.3645312806
407	0.8312883436	0.3644257099
408	0.8314417178	0.3643409095
409	0.8314417178	0.3642447436
410	0.8314417178	0.3639671865
411	0.8317484663	0.3638102239
412	0.8317484663	0.3637247695
413	0.831595092	0.3636603788
414	0.8317484663	0.3635792664
415	0.831595092	0.3634834675
416	0.832208589	0.363385598
417	0.8320552147	0.3631645928
418	0.8320552147	0.3630264617
419	0.8319018405	0.362943007
420	0.8320552147	0.3628387669
421	0.8320552147	0.362681524
422	0.8320552147	0.3625540428
423	0.8319018405	0.3624704646
424	0.8320552147	0.3623853172
425	0.8320552147	0.3622528677
426	0.8320552147	0.3621446309
427	0.8320552147	0.362079175
428	0.8326687117	0.3619679361
429	0.8331288344	0.3618651142
430	0.8332822086	0.3617865191
431	0.8332822086	0.3617017294
432	0.8329754601	0.3615979343
433	0.8328220859	0.3615239144
434	0.8328220859	0.3614346655
435	0.8326687117	0.3613131651
436	0.8329754601	0.361186768
437	0.8331288344	0.3610955804
438	0.8334355828	0.3609724723
439	0.8334355828	0.3609053022
440	0.8332822086	0.3607638518
441	0.8332822086	0.3606479678
442	0.8332822086	0.3605691396
443	0.8335889571	0.3604142458
444	0.8331288344	0.3603314598
445	0.8335889571	0.3601803986
446	0.8334355828	0.3601349567
447	0.8331288344	0.3600417041
448	0.8334355828	0.3599355063
449	0.8335889571	0.359779458
450	0.8338957055	0.3596005322
451	0.8338957055	0.3595358606
452	0.8338957055	0.3593893123
453	0.8338957055	0.3592789209
454	0.8338957055	0.359181542
455	0.8338957055	0.3589892339
456	0.8340490798	0.3588950333
457	0.834202454	0.358797438
458	0.8343558282	0.3586629515
459	0.8343558282	0.3585625179
460	0.8349693252	0.3584660295
461	0.8345092025	0.3583951856
462	0.8348159509	0.3583429808
463	0.8343558282	0.3582849001
464	0.8343558282	0.3582162747
465	0.8349693252	0.3581535371
466	0.8345092025	0.3580262048
467	0.8345092025	0.3579497918
468	0.8348159509	0.3578268825
469	0.8348159509	0.3577234753
470	0.8349693252	0.3576557261
471	0.8349693252	0.3575763442
472	0.8349693252	0.3574858411
473	0.8349693252	0.3574044723
474	0.8351226994	0.3573156377
475	0.8351226994	0.3571719289
476	0.8354294479	0.3571002748
477	0.8352760736	0.356915777
478	0.8355828221	0.3568079773
479	0.8355828221	0.3567503184
480	0.8355828221	0.356679126
481	0.8355828221	0.3566245598
482	0.8354294479	0.3565589919
483	0.8355828221	0.3564080038
484	0.8355828221	0.3563359187
485	0.8355828221	0.3562256932
486	0.8357361963	0.3561068983
487	0.8355828221	0.3560108331
488	0.8355828221	0.3558636579
489	0.8355828221	0.3557093942
490	0.8355828221	0.3556214186
491	0.8357361963	0.3555486735
492	0.8354294479	0.3554596633
493	0.8354294479	0.3553816244
494	0.8354294479	0.3553104209
495	0.8354294479	0.3552471467
496	0.8355828221	0.3551283796
497	0.8357361963	0.3550171471
498	0.8358895706	0.3549606001
499	0.8360429448	0.3548155359
500	0.836196319	0.354731249
501	0.836196319	0.3546591829
502	0.8365030675	0.354548236
503	0.8365030675	0.3544896709
504	0.836196319	0.3543972012
505	0.836196319	0.3542984839
506	0.8369631902	0.3541107277
507	0.836809816	0.3540524588
508	0.836809816	0.3539409796
509	0.8365030675	0.353852666
510	0.8363496933	0.3536509187
511	0.8365030675	0.3535499552
512	0.836196319	0.3534164165
513	0.8365030675	0.3533441547
514	0.8365030675	0.3532433377
515	0.8365030675	0.3531925424
516	0.836196319	0.35309304
517	0.8363496933	0.3530263955
518	0.8363496933	0.3529473916
519	0.8365030675	0.3528621192
520	0.8360429448	0.3527511606
521	0.8358895706	0.3526848605
522	0.8358895706	0.3526125782
523	0.836196319	0.3525322443
524	0.8365030675	0.3524026704
525	0.8369631902	0.3522707746
526	0.8374233129	0.3520434496
527	0.8372699387	0.3519500084
528	0.8369631902	0.3518691537
529	0.8369631902	0.3517311189
530	0.8374233129	0.3516631468
531	0.8374233129	0.3514881811
532	0.8374233129	0.3513558116
533	0.8378834356	0.3511703887
534	0.8378834356	0.3510978765
535	0.8377300613	0.3509958061
536	0.8378834356	0.350949767
537	0.8377300613	0.3508831502
538	0.8372699387	0.3507836437
539	0.8374233129	0.3507055659
540	0.8377300613	0.3505512851
541	0.8378834356	0.3504942282
542	0.8378834356	0.3504205891
543	0.8380368098	0.3503552767
544	0.838190184	0.3502669692
545	0.8380368098	0.3501546151
546	0.8378834356	0.3500939705
547	0.8378834356	0.3500155225
548	0.8378834356	0.3498637811
549	0.8378834356	0.3497749952
550	0.8380368098	0.3496649352
551	0.838190184	0.3495493509
552	0.838190184	0.3494869721
553	0.8380368098	0.349335283
554	0.8380368098	0.349281633
555	0.8383435583	0.3491940672
556	0.8383435583	0.3491313452
557	0.8384969325	0.3490757797
558	0.8383435583	0.3489630691
559	0.8384969325	0.3488870906
560	0.8386503067	0.3487550036
561	0.8384969325	0.3486559597
562	0.838803681	0.3485415921
563	0.8389570552	0.34844736
564	0.8389570552	0.3483265969
565	0.8389570552	0.3482693957
566	0.8391104294	0.3481814636
567	0.8391104294	0.3481187652
568	0.8392638037	0.3480509717
569	0.8391104294	0.3479468287
570	0.8389570552	0.347892994
571	0.8391104294	0.3478126578
572	0.8389570552	0.3477041506
573	0.8389570552	0.3476106268
574	0.838803681	0.3474754282
575	0.838803681	0.3473461326
576	0.838803681	0.3472226176
577	0.838803681	0.3471422041
578	0.838803681	0.3470877332
579	0.8389570552	0.3469901979
580	0.8389570552	0.3469366954
581	0.8389570552	0.3468506894
582	0.8391104294	0.346775492
583	0.8392638037	0.3467164466
584	0.8394171779	0.346631355
585	0.8392638037	0.346520472
586	0.8394171779	0.3464254838
587	0.8395705521	0.3463282707
588	0.8397239264	0.3462644718
589	0.8397239264	0.3461681949
590	0.8397239264	0.3460588955
591	0.8397239264	0.3459559148
592	0.8397239264	0.3459140334
593	0.8397239264	0.3458497236
594	0.8398773006	0.3457262597
595	0.8400306748	0.3456537354
596	0.8400306748	0.3455453686
597	0.8397239264	0.3454416273
598	0.8397239264	0.3453244962
599	0.8403374233	0.3452135391
600	0.840797546	0.3451245922
601	0.8404907975	0.3450006829
602	0.8406441718	0.344915414
603	0.8406441718	0.344811067
604	0.8406441718	0.3447129255
605	0.8406441718	0.3446286738
606	0.8406441718	0.3445531556
607	0.8406441718	0.3444610325
608	0.8403374233	0.3443879142
609	0.840797546	0.3442995906
610	0.8411042945	0.3442139375
611	0.8411042945	0.3441631772
612	0.8411042945	0.344094145
613	0.8411042945	0.343970528
614	0.8411042945	0.3438855489
615	0.8411042945	0.3438293272
616	0.8412576687	0.3437538304
617	0.8412576687	0.3436512998
618	0.8412576687	0.3435437941
619	0.8412576687	0.3434842302
620	0.8412576687	0.343368427
621	0.8414110429	0.3433230498
622	0.8414110429	0.3432157619
623	0.8414110429	0.34314433
624	0.8414110429	0.3430211052
625	0.8414110429	0.3429309714
626	0.8414110429	0.3428543051
627	0.8412576687	0.3427376051
628	0.8412576687	0.3426507888
629	0.8412576687	0.3425731459
630	0.8412576687	0.3424752058
631	0.8412576687	0.3424218454
632	0.8412576687	0.3423515391
633	0.8412576687	0.3422957351
634	0.8412576687	0.3422403904
635	0.8412576687	0.342153819
636	0.8412576687	0.3420945514
637	0.8412576687	0.3420375262
638	0.8415644172	0.3418840078
639	0.8417177914	0.341787009
640	0.8417177914	0.341684091
641	0.8414110429	0.3415918302
642	0.8415644172	0.3414584971
643	0.8415644172	0.3413838037
644	0.8415644172	0.3413032714
645	0.8418711656	0.3411695395
646	0.8417177914	0.341105462
647	0.8418711656	0.3410389109
648	0.8418711656	0.3409835086
649	0.8418711656	0.3409089138
650	0.8417177914	0.3407677853
651	0.8417177914	0.3406515369
652	0.8417177914	0.3405932482
653	0.8417177914	0.3405101582
654	0.8417177914	0.3404071348
655	0.8418711656	0.3403325643
656	0.8418711656	0.3402248067
657	0.8418711656	0.3401864522
658	0.8421779141	0.3400367456
659	0.8420245399	0.3399065929
660	0.8421779141	0.3398228365
661	0.8421779141	0.3396924578
662	0.8421779141	0.339638722
663	0.8418711656	0.3395166921
664	0.8420245399	0.339411312
665	0.8420245399	0.3392957305
666	0.8415644172	0.3392093876
667	0.8417177914	0.3390918579
668	0.8421779141	0.338995871
669	0.8418711656	0.338871226
670	0.8420245399	0.338737136
671	0.8421779141	0.3386375647
672	0.8420245399	0.3385465739
673	0.8418711656	0.3384643496
674	0.8420245399	0.3383657874
675	0.8421779141	0.3382944063
676	0.8423312883	0.3382106602
677	0.8423312883	0.3381166931
678	0.8423312883	0.3380118581
679	0.8421779141	0.337892152
680	0.8421779141	0.3378257716
681	0.8421779141	0.3377493679
682	0.8421779141	0.3376747716
683	0.8424846626	0.3375409028
684	0.8424846626	0.3374706645
685	0.8424846626	0.3373889785
686	0.8423312883	0.3372885321
687	0.8423312883	0.3372310872
688	0.8426380368	0.3371462231
689	0.8424846626	0.3370881716
690	0.842791411	0.3370141245
691	0.8423312883	0.3368975189
692	0.8423312883	0.3368123398
693	0.8424846626	0.3367242754
694	0.8424846626	0.3366667846
695	0.8423312883	0.3366047901
696	0.8423312883	0.3365450986
697	0.8423312883	0.336482646
698	0.8424846626	0.3363960213
699	0.8424846626	0.3363527474
700	0.8424846626	0.3362685272
701	0.8423312883	0.3361712573
702	0.8423312883	0.3361216564
703	0.8424846626	0.336057085
704	0.8424846626	0.3359922423
705	0.8424846626	0.3359407723
706	0.842791411	0.335887642
707	0.8429447853	0.335739302
708	0.8432515337	0.3356663262
709	0.8443251534	0.3355640666
710	0.8443251534	0.3354972484
711	0.8446319018	0.3353682309
712	0.8444785276	0.3352405799
713	0.8444785276	0.3351808522
714	0.8444785276	0.3350965411
715	0.8444785276	0.3350065635
716	0.8444785276	0.3349467677
717	0.8446319018	0.3348824602
718	0.8446319018	0.3347842075
719	0.8446319018	0.3347365851
720	0.8446319018	0.3346834599
721	0.8443251534	0.3345645427
722	0.8446319018	0.3344544377
723	0.8446319018	0.334381004
724	0.8444785276	0.3343238151
725	0.8444785276	0.334227815
726	0.8443251534	0.3341590494
727	0.8443251534	0.3340995766
728	0.8441717791	0.3340203549
729	0.8444785276	0.3339359984
730	0.8447852761	0.3338817461
731	0.8452453988	0.3337817938
732	0.8455521472	0.3336928297
733	0.8455521472	0.3336184931
734	0.845398773	0.333545193
735	0.8452453988	0.3334683899
736	0.8452453988	0.3334082075
737	0.8449386503	0.333306931
738	0.8449386503	0.3332309095
739	0.8455521472	0.333158355
740	0.845398773	0.3330913598
741	0.845398773	0.3330347393
742	0.8455521472	0.3329783779
743	0.845398773	0.3329296591
744	0.8452453988	0.332849049
745	0.845398773	0.3327465214
746	0.845398773	0.3326829417
747	0.845398773	0.3326078796
748	0.8455521472	0.3325453245
749	0.8457055215	0.3324897371
750	0.8458588957	0.3324083991
751	0.8457055215	0.3323578223
752	0.8460122699	0.3322364595
753	0.8463190184	0.3321850638
754	0.8461656442	0.3321388449
755	0.8469325153	0.3320333557
756	0.8470858896	0.3319887546
757	0.8469325153	0.3318624974
758	0.8466257669	0.3317895349
759	0.8466257669	0.3317444544
760	0.8466257669	0.3316821299
761	0.8469325153	0.3316074879
762	0.8469325153	0.3315689336
763	0.8467791411	0.3314780868
764	0.8469325153	0.3314128299
765	0.8469325153	0.3313716868
766	0.8469325153	0.331306126
767	0.8470858896	0.331260829
768	0.8469325153	0.3311327663
769	0.8469325153	0.3310461893
770	0.8467791411	0.3309888659
771	0.8470858896	0.3309070476
772	0.847392638	0.330797995
773	0.847392638	0.3307579013
774	0.8470858896	0.3306436088
775	0.8472392638	0.3305778408
776	0.8472392638	0.3305227661
777	0.8472392638	0.3304415888
778	0.8472392638	0.3303634726
779	0.847392638	0.330256494
780	0.8476993865	0.3301506233
781	0.848006135	0.3300651186
782	0.8475460123	0.3299728452
783	0.848006135	0.3299080934
784	0.848006135	0.3297965544
785	0.8481595092	0.3297414266
786	0.8481595092	0.3297041587
787	0.8481595092	0.3296479654
788	0.8483128834	0.3295632345
789	0.8484662577	0.3294874434
790	0.8486196319	0.3294151735
791	0.8486196319	0.3293202931
792	0.8486196319	0.32924194
793	0.8486196319	0.3291493644
794	0.8486196319	0.3290898953
795	0.8483128834	0.3290367673
796	0.8486196319	0.3289934334
797	0.8483128834	0.3289357398
798	0.8484662577	0.3288279302
799	0.8483128834	0.3287626586
800	0.8481595092	0.3286272398
801	0.8481595092	0.3285852472
802	0.8483128834	0.3285359448
803	0.8487730061	0.3284569337
804	0.8486196319	0.3283834137
805	0.8484662577	0.3283274262
806	0.8486196319	0.3282529796
807	0.8486196319	0.3281927041
808	0.8486196319	0.3281323132
809	0.8487730061	0.3280591818
810	0.8489263804	0.3279416361
811	0.8484662577	0.3278352402
812	0.8484662577	0.3277379005
813	0.8484662577	0.3276573293
814	0.8486196319	0.3275837857
815	0.8487730061	0.3274953229
816	0.8490797546	0.3274061099
817	0.8490797546	0.3273351645
818	0.8492331288	0.3272662267
819	0.8490797546	0.3272199878
820	0.8490797546	0.3271430802
821	0.8490797546	0.3270918173
822	0.8490797546	0.3269893677
823	0.8489263804	0.326933545
824	0.8490797546	0.3268332121
825	0.8489263804	0.3267467643
826	0.8490797546	0.3267064624
827	0.8490797546	0.3266729204
828	0.8493865031	0.3265844625
829	0.8492331288	0.3265232376
830	0.8493865031	0.3264704679
831	0.8492331288	0.3264233519
832	0.8489263804	0.32634457
833	0.8489263804	0.3262692218
834	0.8492331288	0.3261974743
835	0.8495398773	0.3261614682
836	0.8493865031	0.3261097058
837	0.8493865031	0.3260070545
838	0.8495398773	0.3259466259
839	0.8495398773	0.3258531952
840	0.8495398773	0.3257868219
841	0.8493865031	0.3256646095
842	0.8493865031	0.3255864581
843	0.8495398773	0.3255272851
844	0.8495398773	0.3254709002
845	0.8495398773	0.3254207639
846	0.8493865031	0.3253776795
847	0.8493865031	0.3253247533
848	0.8489263804	0.3251710227
849	0.8487730061	0.3251338501
850	0.8487730061	0.3250486227
851	0.8486196319	0.3249287078
852	0.8486196319	0.3248581112
853	0.8489263804	0.3247938268
854	0.8490797546	0.324744067
855	0.8492331288	0.3246513565
856	0.8492331288	0.3245889708
857	0.8490797546	0.3244867176
858	0.8492331288	0.3243623493
859	0.8490797546	0.3242644423
860	0.8490797546	0.324231313
861	0.8490797546	0.3241381158
862	0.8490797546	0.3240828106
863	0.8492331288	0.323981002
864	0.8495398773	0.3239440914
865	0.8495398773	0.3237917278
866	0.8493865031	0.3237306514
867	0.8493865031	0.3236780764
868	0.8493865031	0.3235626394
869	0.8493865031	0.323459514
870	0.8493865031	0.3234101956
871	0.8493865031	0.3233710283
872	0.8493865031	0.323324618
873	0.8493865031	0.3232630794
874	0.8495398773	0.3231857258
875	0.8493865031	0.3230965214
876	0.8498466258	0.3230257485
877	0.8498466258	0.3229488867
878	0.8498466258	0.3228991161
879	0.8498466258	0.3228449607
880	0.85	0.3227288975
881	0.85	0.3226971789
882	0.85	0.3226508396
883	0.8501533742	0.3225758408
884	0.8501533742	0.3225061656
885	0.8501533742	0.322405938
886	0.8501533742	0.3223599249
887	0.8504601227	0.3222505258
888	0.8509202454	0.3221130184
889	0.8509202454	0.3220281179
890	0.8510736196	0.321966669
891	0.8507668712	0.3219071908
892	0.8509202454	0.3217987335
893	0.8507668712	0.321725747
894	0.8507668712	0.3216406581
895	0.8510736196	0.3215486291
896	0.8512269939	0.3214974964
897	0.8510736196	0.3214401321
898	0.8510736196	0.321396641
899	0.8507668712	0.3212939303
900	0.8506134969	0.3212265371
901	0.8506134969	0.3211975091
902	0.8507668712	0.3211414796
903	0.8507668712	0.321074472
904	0.8507668712	0.3210293949
905	0.8509202454	0.3209411184
906	0.8510736196	0.320891203
907	0.8510736196	0.3208253821
908	0.8510736196	0.3207638608
909	0.8510736196	0.3206757799
910	0.8512269939	0.3205877454
911	0.8518404908	0.3205011828
912	0.8515337423	0.3204357417
913	0.8512269939	0.3203027305
914	0.8512269939	0.3202392701
915	0.8512269939	0.320147629
916	0.8513803681	0.3200851375
917	0.8513803681	0.3200347928
918	0.8513803681	0.319968901
919	0.8516871166	0.3198608945
920	0.8518404908	0.3197547963
921	0.8518404908	0.3197182485
922	0.851993865	0.3196304102
923	0.8523006135	0.3195444837
924	0.852607362	0.3194869143
925	0.852607362	0.3194518387
926	0.852607362	0.319414903
927	0.852607362	0.3193701704
928	0.8524539877	0.3193047529
929	0.8523006135	0.319220189
930	0.8527607362	0.3191097046
931	0.8524539877	0.3190647216
932	0.852607362	0.318984611
933	0.852607362	0.3188882039
934	0.852607362	0.3188431315
935	0.8527607362	0.3187806431
936	0.8527607362	0.3187228132
937	0.8529141104	0.3186710216
938	0.852607362	0.3186080469
939	0.852607362	0.3185205802
940	0.852607362	0.3184450414
941	0.852607362	0.3183676176
942	0.8529141104	0.3183109813
943	0.8527607362	0.3182137567
944	0.8529141104	0.3181734177
945	0.8529141104	0.3181160724
946	0.8529141104	0.3180565716
947	0.8529141104	0.3179738359
948	0.8529141104	0.3178796286
949	0.8530674847	0.317818356
950	0.8530674847	0.3177598096
951	0.8529141104	0.3176703449
952	0.8529141104	0.3176177994
953	0.8529141104	0.3175225275
954	0.8530674847	0.3174854647
955	0.8530674847	0.3174078964
956	0.8530674847	0.3173495891
957955	0.8581288344	0.31293860958956	0.8582822086	0.3128684462
957	0.8582822086	0.3127826534
958	0.8582822086	0.312710897
959	0.8582822086	0.3126127752
960	0.8585889571	0.3125437293
961	0.8587423313	0.3124561787
962	0.8585889571	0.3123749587
963	0.8585889571	0.3123142041
964	0.8588957055	0.3122562663
965	0.8587423313	0.3121973341
966	0.8590490798	0.312093535
967	0.8595092025	0.3120202974
968	0.8593558282	0.3119426749
969	0.859202454	0.3118646879
970	0.859202454	0.3117933097
971	0.8593558282	0.311727049
972	0.859202454	0.3115971699
973	0.8593558282	0.3115313471
974	0.8593558282	0.311474672
975	0.8593558282	0.311403529
976	0.8593558282	0.3113220149
977	0.8593558282	0.3112772465
978	0.8593558282	0.3111867089
979	0.8595092025	0.3111285719
980	0.8595092025	0.3110724625
981	0.8595092025	0.3109904722
982	0.8595092025	0.3109354196
983	0.8595092025	0.3108754544
984	0.8596625767	0.3107880829
985	0.8598159509	0.3107050999
986	0.8601226994	0.3106666979
987	0.8599693252	0.3105859426
988	0.8599693252	0.3105101942
989	0.8599693252	0.3104335802
990	0.8602760736	0.3103577092
991	0.8601226994	0.3102925585
992	0.8598159509	0.3102236581
993	0.8595092025	0.3101634972
994	0.8596625767	0.3101238256
995	0.8596625767	0.3100391873
996	0.8598159509	0.3099654435
997	0.8598159509	0.3099315347
998	0.8599693252	0.3098670044
999	0.8599693252	0.3098025331
1000	0.8598159509	0.3097454641
1001	0.8598159509	0.309691482
1002	0.8596625767	0.3096301769
1003	0.8596625767	0.3095558282
1004	0.8599693252	0.3094983064
1005	0.8598159509	0.309449428
1006	0.8598159509	0.3094157299
1007	0.8598159509	0.3093669329
1008	0.8598159509	0.3093237593
1009	0.8601226994	0.3092268678
1010	0.8601226994	0.3091789241
1011	0.8601226994	0.3091256501
1012	0.8602760736	0.3090588499
1013	0.8601226994	0.3090239286
1014	0.8601226994	0.3089732635
1015	0.8601226994	0.3089256968
1016	0.8601226994	0.3088352343
1017	0.8601226994	0.3087797181
1018	0.8601226994	0.3087480678
1019	0.8601226994	0.3086698856
1020	0.8601226994	0.3085972348
1021	0.8602760736	0.3084912244
1022	0.8602760736	0.3083846372
1023	0.8605828221	0.308317873
1024	0.8605828221	0.3082379992
1025	0.8605828221	0.3081916143
1026	0.8607361963	0.3080816929
1027	0.8607361963	0.3080500745
1028	0.8607361963	0.3079633197
1029	0.8607361963	0.3079215827
1030	0.8607361963	0.3078812016
1031	0.8607361963	0.3078102944
1032	0.8607361963	0.3077648103
1033	0.8607361963	0.3077293009
1034	0.8608895706	0.3076385565
1035	0.8610429448	0.3075807924
1036	0.861196319	0.3075356914
1037	0.8610429448	0.3074594863
1038	0.8608895706	0.3073782662
1039	0.8608895706	0.3072459976
1040	0.8608895706	0.3072108028
1041	0.861196319	0.3071753657
1042	0.8610429448	0.3070750812
1043	0.8610429448	0.3070154593
1044	0.861196319	0.3069452576
1045	0.861196319	0.3068978599
1046	0.861196319	0.3068100623
1047	0.8613496933	0.3067538346
1048	0.8613496933	0.3067162777
1049	0.8615030675	0.3066237254
1050	0.8613496933	0.3065722025
1051	0.8615030675	0.3065180394
1052	0.8616564417	0.3064357
1053	0.8616564417	0.3063582884
1054	0.8616564417	0.3063121107
1055	0.861809816	0.3062820047
1056	0.861809816	0.3062256861
1057	0.861809816	0.3061404996
1058	0.8616564417	0.3060724825
1059	0.8619631902	0.3060056151
1060	0.861809816	0.305957344
1061	0.8619631902	0.3058454488
1062	0.8621165644	0.3057690116
1063	0.8621165644	1064	0.8688441064	0.8621165644	1065	0.8688441065	0.861809816	01066	0.868691066	0.8619631902	01067	0.868991067	0.8621165644	01068	0.869151068	0.8621165644	01069	0.869151069	0.8624233129	01070	0.869151070	0.8624233129	01071	0.869151071	0.8624233129	01072	0.8691517104	0.2971554487
1073	0.8691073	0.8627300613	0.31074	0.8693051081	0.2970402706
1075	0.8693051081	0.2969378043
1076	0.8693051081	0.2969029939
1077	0.8694585059	0.2968441799
1078	0.8694585059	0.2967924515
1079	0.8694585059	0.2967503551
1080	0.8694585059	0.2966879095
1081	0.8694585059	0.2966397758
1082	0.8694585059	0.2965790083
1083	0.8693051081	0.2964851274
1084	0.8693051081	0.2964516201
1085	0.8691517104	0.2963998374
1086	0.8693051081	0.2963600929
1087	0.8693051081	0.2963252478
1088	0.8696119037	0.2962780573
1089	0.8696119037	0.2961954062
1090	0.8694585059	0.2961320993
1091	0.8694585059	0.2960644098
1092	0.8694585059	0.2960184637
1093	0.8694585059	0.2959833756
1094	0.8699186992	0.2959280484
1095	0.8697653014	0.2958815351
1096	0.8699186992	0.2958050552
1097	0.8697653014	0.2957674733
1098	0.8699186992	0.2957186048
1099	0.8705322902	0.295625292
1100	0.8705322902	0.2955931505
1101	0.870685688	0.2955184195
1102	0.8705322902	0.2954763014
1103	0.8703788925	0.295388749
1104	0.8705322902	0.2953233396
1105	0.8708390857	0.2952166619
1106	0.8705322902	0.2951729512
1107	0.870685688	0.2951285756
1108	0.8708390857	0.2950437088
1109	0.870685688	0.294919727
1110	0.870685688	0.2948695968
1111	0.870685688	0.2948033302
1112	0.8708390857	0.2947466096
1113	0.8708390857	0.2947093579
1114	0.8705322902	0.2946443269
1115	0.8708390857	0.2945617302
1116	0.8708390857	0.2944920655
1117	0.8709924835	0.294452424
1118	0.8709924835	0.2944214854
1119	0.8709924835	0.2943796881
1120	0.8709924835	0.2942568652
1121	0.8709924835	0.2941945181
1122	0.8709924835	0.2941545789
1123	0.8709924835	0.2940954573
1124	0.8709924835	0.2940303085
1125	0.8709924835	0.293979289
1126	0.8709924835	0.2939464387
1127	0.8711458813	0.2938644378
1128	0.8711458813	0.293765771
1129	0.8711458813	0.2937116032
1130	0.8709924835	0.2936354242
1131	0.8709924835	0.2935802159
1132	0.871299279	0.2934974004
1133	0.8714526768	0.2934473744
1134	0.8714526768	0.2934114751
1135	0.8711458813	0.2933280332
1136	0.8711458813	0.2932740946
1137	0.8714526768	0.2932113269
1138	0.8716060746	0.2931633565
1139	0.8716060746	0.2931077706
1140	0.8716060746	0.2930539618
1141	0.8716060746	0.2929635797
1142	0.8717594723	0.29290501
1143	0.8719128701	0.2928083154
1144	0.8717594723	0.2927686272
1145	0.8717594723	0.2927183612
1146	0.8717594723	0.2926264722
1147	0.8720662678	0.2925727633
1148	0.8722196656	0.2925119873
1149	0.8722196656	0.2924534857
1150	0.8722196656	0.2924030643
1151	0.8722196656	0.2923511903
1152	0.8722196656	0.2922972738
1153	0.8723730634	0.292206767
1154	0.8723730634	0.2921665949
1155	0.8722196656	0.2921117191
1156	0.8723730634	0.2920765596
1157	0.8723730634	0.29201501
1158	0.8722196656	0.2919616631
1159	0.8722196656	0.2918973398
1160	0.8723730634	0.291859614
1161	0.8723730634	0.2918169383
1162	0.8723730634	0.2917495607
1163	0.8722196656	0.2917092819
1164	0.8722196656	0.2916650523
1165	0.8722196656	0.2916414707
1166	0.8722196656	0.2915293179
1167	0.8723730634	0.2914459403
1168	0.8725264611	0.291371482
1169	0.8725264611	0.2913231579
1170	0.8725264611	0.291254559
1171	0.8725264611	0.2912258396
1172	0.8725264611	0.2911780803
1173	0.8725264611	0.2911097834
1174	0.8725264611	0.2910618656
1175	0.8729866544	0.2909986224
1176	0.8729866544	0.2909148349
1177	0.8729866544	0.290838853
1178	0.8729866544	0.2907980909
1179	0.8729866544	0.2907591215
1180	0.8731400522	0.2906954861
1181	0.8731400522	0.2906562829
1182	0.8731400522	0.2906066233
1183	0.8731400522	0.2905716801
1184	0.8731400522	0.2905161333
1185	0.8731400522	0.2904780137
1186	0.8731400522	0.2904227703
1187	0.8731400522	0.290340486
1188	0.8731400522	0.2902968809
1189	0.8731400522	0.2902687748
1190	0.8731400522	0.2902228422
1191	0.8731400522	0.2901660166
1192	0.8731400522	0.2900960109
1193	0.8732934499	0.2900211704
1194	0.8732934499	0.2899735795
1195	0.8732934499	0.2899120579
1196	0.8732934499	0.2898207166
1197	0.8732934499	0.2897632643
1198	0.8732934499	0.2897367785
1199	0.8731400522	0.2896242823
1200	0.8731400522	0.2895760648
1201	0.8732934499	0.2895139875
1202	0.8732934499	0.2894695407
1203	0.8734468477	0.289420625
1204	0.8734468477	0.2893698503
1205	0.8734468477	0.2893116164
1206	0.8734468477	0.2892656595
1207	0.8737536432	0.2892055934
1208	0.8736002454	0.2891644207
1209	0.8736002454	0.2891050915
1210	0.8736002454	0.2890504084
1211	0.8736002454	0.2890179465
1212	0.8734468477	0.2889904769
1213	0.8734468477	0.2889527429
1214	0.8736002454	0.2889155856
1215	0.8734468477	0.2888192006
1216	0.8734468477	0.2887750939
1217	0.8736002454	0.2887189221
1218	0.8737536432	0.2886948185
1219	0.8734468477	0.2886334713
1220	0.8737536432	0.2885856761
1221	0.8734468477	0.2885003188
1222	0.8734468477	0.2884329958
1223	0.8736002454	0.288373529
1224	0.8736002454	0.2883221362
1225	0.8737536432	0.2882480695
1226	0.8737536432	0.2882104448
1227	0.8737536432	0.2881385893
1228	0.873907041	0.2880827028
1229	0.8740604387	0.2880289792
1230	0.8743672342	0.2879598734
1231	0.874520632	0.2879119507
1232	0.874520632	0.2878306584
1233	0.8746740298	0.2877316304
1234	0.8746740298	0.2877016595
1235	0.8746740298	0.2876610141
1236	0.8746740298	0.287630794
1237	0.8748274275	0.2875660375
1238	0.8748274275	0.2875064053
1239	0.8748274275	0.287449417
1240	0.8748274275	0.2874071901
1241	0.8748274275	0.2873248222
1242	0.8748274275	0.287279776
1243	0.8746740298	0.2872341678
1244	0.8746740298	0.2871866761
1245	0.874520632	0.2871352606
1246	0.874520632	0.2870880944
1247	0.8746740298	0.2870288599
1248	0.8746740298	0.2869606999
1249	0.874520632	0.2869181065
1250	0.8748274275	0.2868649765
1251	0.8748274275	0.2868137737
1252	0.8748274275	0.2867481878
1253	0.8748274275	0.2866964115
1254	0.8749808253	0.2866092095
1255	0.875134223	0.2865619639
1256	0.8754410186	0.2864948036
1257	0.8754410186	0.2864581558
1258	0.8754410186	0.2864179081
1259	0.8755944163	0.2863352584
1260	0.8752876208	0.2862569249
1261	0.8755944163	0.2861584813
1262	0.8759012118	0.2861128974
1263	0.8755944163	0.2860676045
1264	0.8755944163	0.2859720296
1265	0.8755944163	0.2859016667
1266	0.8755944163	0.2858447526
1267	0.8755944163	0.2858004799
1268	0.8757478141	0.2857311286
1269	0.8754410186	0.2856438646
1270	0.8755944163	0.2855621804
1271	0.8755944163	0.2855106801
1272	0.8755944163	0.2854292152
1273	0.8755944163	0.2853063969
1274	0.8757478141	0.2852556975
1275	0.8759012118	0.285198893
1276	0.8757478141	0.2851536604
1277	0.8757478141	0.2851045714
1278	0.8757478141	0.2850481569
1279	0.8755944163	0.2849493764
1280	0.8757478141	0.2849149302
1281	0.8757478141	0.2848805796
1282	0.8759012118	0.2848490192
1283	0.8759012118	0.2848003381
1284	0.8760546096	0.2847536913
1285	0.8760546096	0.2846905891
1286	0.8765148029	0.2846002044
1287	0.8763614051	0.2845256411
1288	0.8760546096	0.2844706131
1289	0.8760546096	0.2844263777
1290	0.8760546096	0.2843925761
1291	0.8760546096	0.2843491191
1292	0.8763614051	0.2842592068
1293	0.8762080074	0.2841656318
1294	0.8762080074	0.2840622038
1295	0.8762080074	0.2839989919
1296	0.8762080074	0.2839670974
1297	0.8763614051	0.2838885676
1298	0.8763614051	0.2838221185
1299	0.8763614051	0.2837849106
1300	0.8763614051	0.2837425794
1301	0.8765148029	0.2836562846
1302	0.8765148029	0.2836174461
1303	0.8765148029	0.2835710721
1304	0.8765148029	0.2835423612
1305	0.8769749962	0.2834441613
1306	0.8769749962	0.2833736301
1307	0.8769749962	0.2833467663
1308	0.8769749962	0.2832891785
1309	0.8768215984	0.2832265092
1310	0.8768215984	0.2831738288
1311	0.8768215984	0.2830748573
1312	0.8768215984	0.2829973515
1313	0.8768215984	0.2828840163
1314	0.8768215984	0.2828487918
1315	0.8768215984	0.2828246979
1316	0.8768215984	0.282787919
1317	0.8769749962	0.2827522213
1318	0.8769749962	0.2826916006
1319	0.8771283939	0.2826627522
1320	0.8771283939	0.2826206778
1321	0.8772817917	0.2825694306
1322	0.8768215984	0.2825199852
1323	0.8769749962	0.2824713255
1324	0.8774351894	0.2824224399
1325	0.8774351894	0.282383293
1326	0.8774351894	0.2823134006
1327	0.8775885872	0.2822099803
1328	0.8775885872	0.2821580228
1329	0.8775885872	0.2821029364
1330	0.877741985	0.2820466813
1331	0.877741985	0.2819746694
1332	0.8778953827	0.2818982086
1333	0.878355576	0.2818593686
1334	0.878355576	0.2817942454
1335	0.8786623715	0.2817331534
1336	0.8786623715	0.2816825874
1337	0.8786623715	0.2816399485
1338	0.8786623715	0.281607396
1339	0.8786623715	0.2815819046
1340	0.8786623715	0.2814737667
1341	0.8788157693	0.2813649215
1342	0.8788157693	0.2812939725
1343	0.8788157693	0.281243057
1344	0.8788157693	0.2811830071
1345	0.8788157693	0.2811418821
1346	0.8789691671	0.2811121319
1347	0.8789691671	0.2810757179
1348	0.8791225648	0.281046361
1349	0.8791225648	0.2809419241
1350	0.8792759626	0.2808795639
1351	0.8792759626	0.2808564137
1352	0.8792759626	0.280826473
1353	0.8794293603	0.2807701396
1354	0.8794293603	0.2807149523
1355	0.8795827581	0.2806903682
1356	0.8795827581	0.280646853
1357	0.8795827581	0.2806125122
1358	0.8795827581	0.280571031
1359	0.8794293603	0.2805114408
1360	0.8794293603	0.2804395331
1361	0.8794293603	0.2804166101
1362	0.8792759626	0.2803715415
1363	0.8794293603	0.2803348203
1364	0.8795827581	0.2802921071
1365	0.8792759626	0.2802436531
1366	0.8792759626	0.2801826616
1367	0.8792759626	0.2801242902
1368	0.8792759626	0.2800596702
1369	0.8794293603	0.2799807281
1370	0.8794293603	0.2799083416
1371	0.8794293603	0.2798508779
1372	0.8794293603	0.2797759004
1373	0.8801963491	0.2796875786
1374	0.8798895536	0.2796337202
1375	0.8800429514	0.2795865947
1376	0.8800429514	0.2795548379
1377	0.8803497469	0.2794828282
1378	0.8803497469	0.2794276546
1379	0.8803497469	0.2793750361
1380	0.8803497469	0.2793330244
1381	0.8806565424	0.2792424869
1382	0.8806565424	0.2791819015
1383	0.8806565424	0.2791304495
1384	0.8808099402	0.2790624031
1385	0.8806565424	0.2790177973
1386	0.8806565424	0.2789723797
1387	0.8809633379	0.2789171604
1388	0.8809633379	0.2788781005
1389	0.8811167357	0.2788280375
1390	0.8811167357	0.2787789624
1391	0.8811167357	0.2787331683
1392	0.8809633379	0.2786787776
1393	0.8811167357	0.2786024623
1394	0.8812701335	0.2785052274
1395	0.8811167357	0.2784469886
1396	0.8812701335	0.2783777925
1397	0.8812701335	0.2783493614
1398	0.8818837245	0.2782859142
1399	0.8818837245	0.2782111975
1400	0.8818837245	0.2781733818
1401	0.8818837245	0.2781406544
1402	0.8820371223	0.2781083687
1403	0.8818837245	0.2780203563
1404	0.8818837245	0.2779731208
1405	0.8818837245	0.2779182983
1406	0.8817303267	0.2778710086
1407	0.8818837245	0.2777852787
1408	0.8818837245	0.2777526452
1409	0.8818837245	0.2777158337
1410	0.8817303267	0.2776448211
1411	0.8817303267	0.2776063705
1412	0.8814235312	0.2775236777
1413	0.8814235312	0.2774617359
1414	0.8814235312	0.2774168981
1415	0.881576929	0.2773092872
1416	0.881576929	0.2772851197
1417	0.881576929	0.2772417449
1418	0.8814235312	0.2772079208
1419	0.8814235312	0.277149645
1420	0.881576929	0.2770975016
1421	0.881576929	0.2770583952
1422	0.8814235312	0.2769877498
1423	0.8814235312	0.2769624418
1424	0.8814235312	0.2769166764
1425	0.8812701335	0.2768661699
1426	0.881576929	0.2768020748
1427	0.8814235312	0.2767288074
1428	0.8814235312	0.2766952769
1429	0.881576929	0.2766133024
1430	0.881576929	0.2765760236
1431	0.8817303267	0.2765243861
1432	0.8817303267	0.2764773844
1433	0.881576929	0.2763941223
1434	0.881576929	0.2763326144
1435	0.881576929	0.2763027816
1436	0.8818837245	0.2762429195
1437	0.8818837245	0.2762068909
1438	0.8820371223	0.2761725092
1439	0.8818837245	0.2761223327
1440	0.8820371223	0.276071777
1441	0.8820371223	0.2759989363
1442	0.8820371223	0.2759585735
1443	0.88219052	0.2758946729
1444	0.8820371223	0.2758401869
1445	0.88219052	0.2758002688
1446	0.8823439178	0.2757668564
1447	0.8823439178	0.2757157707
1448	0.88219052	0.275698983
1449	0.8823439178	0.275619133
1450	0.8823439178	0.2755526784
1451	0.88219052	0.2754605885
1452	0.88219052	0.2753918371
1453	0.88219052	0.2753591091
1454	0.88219052	0.2752829667
1455	0.88219052	0.2752476741
1456	0.88219052	0.2751835392
1457	0.88219052	0.2751113577
1458	0.88219052	0.2750405883
1459	0.8823439178	0.2750088926
1460	0.8823439178	0.2749495612
1461	0.8824973155	0.2749085103
1462	0.8824973155	0.2748377258
1463	0.8824973155	0.2748074858
1464	0.8823439178	0.2747519331
1465	0.8823439178	0.2747022021
1466	0.8824973155	0.2746689743
1467	0.8824973155	0.2746133178
1468	0.8824973155	0.27456808
1469	0.8823439178	0.274525938
1470	0.8823439178	0.2744635332
1471	0.8824973155	0.2744095928
1472	0.8826507133	0.2743772201
1473	0.8826507133	0.2743328579
1474	0.8826507133	0.2743145499
1475	0.8824973155	0.2742589371
1476	0.8823439178	0.2742110451
1477	0.8824973155	0.2741620999
1478	0.8824973155	0.2741282382
1479	0.8828041111	0.274078717
1480	0.8828041111	0.2740302614
1481	0.8828041111	0.2739871012
1482	0.8828041111	0.2739574205
1483	0.8828041111	0.2739012003
1484	0.8828041111	0.2738359515
1485	0.8828041111	0.2738044525
1486	0.8829575088	0.2737521839
1487	0.8829575088	0.2736952157
1488	0.8829575088	0.2736539129
1489	0.8828041111	0.273608844
1490	0.8828041111	0.2735743897
1491	0.8828041111	0.2735204094
1492	0.8828041111	0.2734668153
1493	0.8828041111	0.2734381804
1494	0.8829575088	0.2733897924
1495	0.8831109066	0.2733629954
1496	0.8831109066	0.2733256407
1497	0.8831109066	0.2732718505
1498	0.8831109066	0.2732458969
1499	0.8831109066	0.273224156
